{"credit":"momirealms","texture_size":[16,32],"textures":{"0":"item/crops/garlic/stage_1","1":"item/crops/garlic/stage_4","particle":"item/crops/garlic/stage_1"},"elements":[{"from":[8,0,4],"to":[16,16,4],"faces":{"north":{"uv":[0,0,16,16],"texture":"#1"},"east":{"uv":[0,0,0,8],"texture":"#1"},"south":{"uv":[0,0,16,16],"texture":"#1"},"west":{"uv":[0,0,0,8],"texture":"#1"},"up":{"uv":[0,0,0,0],"rotation":270,"texture":"#1"},"down":{"uv":[0,0,0,8],"rotation":90,"texture":"#1"}}},{"from":[3,-1,3],"to":[5,1,5],"faces":{"north":{"uv":[11,11,13,13],"texture":"#0"},"east":{"uv":[11,11,13,13],"texture":"#0"},"south":{"uv":[11,11,13,13],"texture":"#0"},"west":{"uv":[11,11,13,13],"texture":"#0"},"up":{"uv":[11,11,13,13],"texture":"#0"},"down":{"uv":[11,11,13,13],"texture":"#0"}}},{"from":[4,0,0],"to":[4,16,8],"faces":{"north":{"uv":[0,0,0,8],"texture":"#1"},"east":{"uv":[0,0,16,16],"texture":"#1"},"south":{"uv":[0,0,0,8],"texture":"#1"},"west":{"uv":[0,0,16,16],"texture":"#1"},"up":{"uv":[0,0,0,0],"texture":"#1"},"down":{"uv":[0,0,0,8],"texture":"#1"}}},{"from":[0,0,4],"to":[8,16,4],"faces":{"north":{"uv":[0,0,16,16],"texture":"#1"},"east":{"uv":[0,0,0,8],"texture":"#1"},"south":{"uv":[0,0,16,16],"texture":"#1"},"west":{"uv":[0,0,0,8],"texture":"#1"},"up":{"uv":[0,0,0,0],"rotation":270,"texture":"#1"},"down":{"uv":[0,0,0,8],"rotation":90,"texture":"#1"}}},{"from":[3,-1,11],"to":[5,1,13],"faces":{"north":{"uv":[11,11,13,13],"texture":"#0"},"east":{"uv":[11,11,13,13],"texture":"#0"},"south":{"uv":[11,11,13,13],"texture":"#0"},"west":{"uv":[11,11,13,13],"texture":"#0"},"up":{"uv":[11,11,13,13],"texture":"#0"},"down":{"uv":[11,11,13,13],"texture":"#0"}}},{"from":[4,0,8],"to":[4,16,16],"faces":{"north":{"uv":[0,0,0,8],"texture":"#1"},"east":{"uv":[0,0,16,16],"texture":"#1"},"south":{"uv":[0,0,0,8],"texture":"#1"},"west":{"uv":[0,0,16,16],"texture":"#1"},"up":{"uv":[0,0,0,0],"texture":"#1"},"down":{"uv":[0,0,0,8],"texture":"#1"}}},{"from":[0,0,12],"to":[8,16,12],"faces":{"north":{"uv":[0,0,16,16],"texture":"#1"},"east":{"uv":[0,0,0,8],"texture":"#1"},"south":{"uv":[0,0,16,16],"texture":"#1"},"west":{"uv":[0,0,0,8],"texture":"#1"},"up":{"uv":[0,0,0,0],"rotation":270,"texture":"#1"},"down":{"uv":[0,0,0,8],"rotation":90,"texture":"#1"}}},{"from":[11,-1,11],"to":[13,1,13],"faces":{"north":{"uv":[11,11,13,13],"texture":"#0"},"east":{"uv":[11,11,13,13],"texture":"#0"},"south":{"uv":[11,11,13,13],"texture":"#0"},"west":{"uv":[11,11,13,13],"texture":"#0"},"up":{"uv":[11,11,13,13],"texture":"#0"},"down":{"uv":[11,11,13,13],"texture":"#0"}}},{"from":[12,0,8],"to":[12,16,16],"faces":{"north":{"uv":[0,0,0,8],"texture":"#1"},"east":{"uv":[0,0,16,16],"texture":"#1"},"south":{"uv":[0,0,0,8],"texture":"#1"},"west":{"uv":[0,0,16,16],"texture":"#1"},"up":{"uv":[0,0,0,0],"texture":"#1"},"down":{"uv":[0,0,0,8],"texture":"#1"}}},{"from":[8,0,12],"to":[16,16,12],"faces":{"north":{"uv":[0,0,16,16],"texture":"#1"},"east":{"uv":[0,0,0,8],"texture":"#1"},"south":{"uv":[0,0,16,16],"texture":"#1"},"west":{"uv":[0,0,0,8],"texture":"#1"},"up":{"uv":[0,0,0,0],"rotation":270,"texture":"#1"},"down":{"uv":[0,0,0,8],"rotation":90,"texture":"#1"}}},{"from":[12,0,0],"to":[12,16,8],"faces":{"north":{"uv":[0,0,0,8],"texture":"#1"},"east":{"uv":[0,0,16,16],"texture":"#1"},"south":{"uv":[0,0,0,8],"texture":"#1"},"west":{"uv":[0,0,16,16],"texture":"#1"},"up":{"uv":[0,0,0,0],"texture":"#1"},"down":{"uv":[0,0,0,8],"texture":"#1"}}},{"from":[11,-1,3],"to":[13,1,5],"faces":{"north":{"uv":[11,11,13,13],"texture":"#0"},"east":{"uv":[11,11,13,13],"texture":"#0"},"south":{"uv":[11,11,13,13],"texture":"#0"},"west":{"uv":[11,11,13,13],"texture":"#0"},"up":{"uv":[11,11,13,13],"texture":"#0"},"down":{"uv":[11,11,13,13],"texture":"#0"}}}],"gui_light":"front","display":{"fixed":{"rotation":[-90,0,0],"translation":[0,0,-16],"scale":[2,2,2]}}}