{
	"credit": "momirealms",
	"texture_size": [32, 32],
	"textures": {
		"0": "customcrops:item/crops/pitaya/stage",
		"1": "block/spruce_log",
		"particle": "customcrops:item/crops/pitaya/stage"
	},
	"elements": [
		{
			"from": [7, 0, 7],
			"to": [9, 6, 9],
			"rotation": {"angle": 0, "axis": "y", "origin": [0, -18, 0]},
			"faces": {
				"north": {"uv": [8, 0.66667, 10, 6.66667], "texture": "#1"},
				"east": {"uv": [8, 0.66667, 10, 6.66667], "texture": "#1"},
				"south": {"uv": [8, 0.66667, 10, 6.66667], "texture": "#1"},
				"west": {"uv": [8, 0.66667, 10, 6.66667], "texture": "#1"},
				"up": {"uv": [8, 0.66667, 10, 2.66667], "texture": "#1"},
				"down": {"uv": [8, 0.66667, 10, 2.66667], "texture": "#1"}
			}
		},
		{
			"from": [6, 1, 17],
			"to": [10, 1, 19],
			"rotation": {"angle": -22.5, "axis": "x", "origin": [0, -18, 0]},
			"faces": {
				"north": {"uv": [0, 0, 2, 0], "texture": "#0"},
				"east": {"uv": [0, 0, 1, 0], "texture": "#0"},
				"south": {"uv": [0, 0, 2, 0], "texture": "#0"},
				"west": {"uv": [0, 0, 1, 0], "texture": "#0"},
				"up": {"uv": [0, 8, 2, 9], "texture": "#0"},
				"down": {"uv": [0, 0, 2, 1], "texture": "#0"}
			}
		},
		{
			"from": [7, 4.4, 4.4],
			"to": [8, 5.4, 4.4],
			"rotation": {"angle": 0, "axis": "y", "origin": [0, -18, 16]},
			"faces": {
				"north": {"uv": [1, 12.5, 0.5, 13], "texture": "#0"},
				"east": {"uv": [0, 0, 4, 0], "rotation": 270, "texture": "#0"},
				"south": {"uv": [1, 14, 0.5, 13.5], "rotation": 180, "texture": "#0"},
				"west": {"uv": [0, 0, 4, 0], "rotation": 90, "texture": "#0"},
				"up": {"uv": [0, 0, 2, 0], "rotation": 180, "texture": "#0"},
				"down": {"uv": [0, 0, 2, 0], "texture": "#0"}
			}
		},
		{
			"from": [6, 6.85, 24.25],
			"to": [10, 6.85, 26.25],
			"rotation": {"angle": -45, "axis": "x", "origin": [0, -18, 16]},
			"faces": {
				"north": {"uv": [2, 0, 0, 0], "texture": "#0"},
				"east": {"uv": [1, 0, 0, 0], "texture": "#0"},
				"south": {"uv": [2, 0, 0, 0], "texture": "#0"},
				"west": {"uv": [1, 0, 0, 0], "texture": "#0"},
				"up": {"uv": [0, 1.5, 2, 0.5], "texture": "#0"},
				"down": {"uv": [0, 1, 2, 0], "texture": "#0"}
			}
		},
		{
			"from": [6, 1, -3],
			"to": [10, 1, -1],
			"rotation": {"angle": 22.5, "axis": "x", "origin": [0, -18, 16]},
			"faces": {
				"north": {"uv": [2, 0, 0, 0], "texture": "#0"},
				"east": {"uv": [1, 0, 0, 0], "texture": "#0"},
				"south": {"uv": [2, 0, 0, 0], "texture": "#0"},
				"west": {"uv": [1, 0, 0, 0], "texture": "#0"},
				"up": {"uv": [0, 1.5, 2, 0.5], "texture": "#0"},
				"down": {"uv": [0, 1, 2, 0], "texture": "#0"}
			}
		},
		{
			"from": [6, 6.85, -10.25],
			"to": [10, 6.85, -8.25],
			"rotation": {"angle": 45, "axis": "x", "origin": [0, -18, 0]},
			"faces": {
				"north": {"uv": [0, 0, 2, 0], "texture": "#0"},
				"east": {"uv": [0, 0, 1, 0], "texture": "#0"},
				"south": {"uv": [0, 0, 2, 0], "texture": "#0"},
				"west": {"uv": [0, 0, 1, 0], "texture": "#0"},
				"up": {"uv": [0, 0.5, 2, 1.5], "texture": "#0"},
				"down": {"uv": [0, 0, 2, 1], "texture": "#0"}
			}
		},
		{
			"from": [19.75, -4.5, 6],
			"to": [21.75, -4.5, 10],
			"rotation": {"angle": 45, "axis": "z", "origin": [0, -18, 0]},
			"faces": {
				"north": {"uv": [0, 0, 1, 0], "texture": "#0"},
				"east": {"uv": [0, 0, 2, 0], "texture": "#0"},
				"south": {"uv": [0, 0, 1, 0], "texture": "#0"},
				"west": {"uv": [0, 0, 2, 0], "texture": "#0"},
				"up": {"uv": [0, 0.5, 2, 1.5], "rotation": 90, "texture": "#0"},
				"down": {"uv": [0, 0, 2, 1], "rotation": 270, "texture": "#0"}
			}
		},
		{
			"from": [18.1, 7.2, 6],
			"to": [20.1, 7.2, 10],
			"rotation": {"angle": 22.5, "axis": "z", "origin": [16, -18, 0]},
			"faces": {
				"north": {"uv": [1, 0, 0, 0], "texture": "#0"},
				"east": {"uv": [2, 0, 0, 0], "texture": "#0"},
				"south": {"uv": [1, 0, 0, 0], "texture": "#0"},
				"west": {"uv": [2, 0, 0, 0], "texture": "#0"},
				"up": {"uv": [0, 12, 2, 11], "rotation": 90, "texture": "#0"},
				"down": {"uv": [1, 0, 0, 2], "texture": "#0"}
			}
		},
		{
			"from": [-5.75, -4.6, 6],
			"to": [-3.75, -4.6, 10],
			"rotation": {"angle": -45, "axis": "z", "origin": [16, -18, 0]},
			"faces": {
				"north": {"uv": [1, 0, 0, 0], "texture": "#0"},
				"east": {"uv": [2, 0, 0, 0], "texture": "#0"},
				"south": {"uv": [1, 0, 0, 0], "texture": "#0"},
				"west": {"uv": [2, 0, 0, 0], "texture": "#0"},
				"up": {"uv": [0, 1.5, 2, 0.5], "rotation": 90, "texture": "#0"},
				"down": {"uv": [0, 1, 2, 0], "rotation": 270, "texture": "#0"}
			}
		},
		{
			"from": [11.5, 4.45, 7],
			"to": [11.5, 5.45, 8],
			"rotation": {"angle": 0, "axis": "y", "origin": [16, -18, 0]},
			"faces": {
				"north": {"uv": [0, 0, 4, 0], "rotation": 270, "texture": "#0"},
				"east": {"uv": [1.5, 11, 2, 10.5], "rotation": 180, "texture": "#0"},
				"south": {"uv": [0, 0, 4, 0], "rotation": 90, "texture": "#0"},
				"west": {"uv": [1, 9.5, 1.5, 10], "texture": "#0"},
				"up": {"uv": [0, 0, 2, 0], "rotation": 90, "texture": "#0"},
				"down": {"uv": [0, 0, 2, 0], "rotation": 90, "texture": "#0"}
			}
		},
		{
			"from": [7, 4.45, 11.75],
			"to": [8, 5.45, 11.75],
			"rotation": {"angle": 0, "axis": "y", "origin": [0, -18, 0]},
			"faces": {
				"north": {"uv": [0.5, 12.5, 0, 12], "rotation": 180, "texture": "#0"},
				"east": {"uv": [0, 0, 4, 0], "rotation": 270, "texture": "#0"},
				"south": {"uv": [1.5, 10, 1, 10.5], "texture": "#0"},
				"west": {"uv": [0, 0, 4, 0], "rotation": 90, "texture": "#0"},
				"up": {"uv": [0, 0, 2, 0], "rotation": 180, "texture": "#0"},
				"down": {"uv": [0, 0, 2, 0], "texture": "#0"}
			}
		},
		{
			"from": [4.55, 4.55, 7],
			"to": [4.55, 5.55, 8],
			"rotation": {"angle": 0, "axis": "y", "origin": [0, -18, 0]},
			"faces": {
				"north": {"uv": [0, 0, 4, 0], "rotation": 270, "texture": "#0"},
				"east": {"uv": [1.5, 14.5, 1, 15], "texture": "#0"},
				"south": {"uv": [0, 0, 4, 0], "rotation": 90, "texture": "#0"},
				"west": {"uv": [4, 2.5, 3.5, 2], "rotation": 180, "texture": "#0"},
				"up": {"uv": [0, 0, 2, 0], "rotation": 90, "texture": "#0"},
				"down": {"uv": [0, 0, 2, 0], "rotation": 90, "texture": "#0"}
			}
		},
		{
			"from": [-4.1, 7.2, 6],
			"to": [-2.1, 7.2, 10],
			"rotation": {"angle": -22.5, "axis": "z", "origin": [0, -18, 0]},
			"faces": {
				"north": {"uv": [0, 0, 1, 0], "texture": "#0"},
				"east": {"uv": [0, 0, 2, 0], "texture": "#0"},
				"south": {"uv": [0, 0, 1, 0], "texture": "#0"},
				"west": {"uv": [0, 0, 2, 0], "texture": "#0"},
				"up": {"uv": [0, 11, 2, 12], "rotation": 90, "texture": "#0"},
				"down": {"uv": [0, 0, 1, 2], "texture": "#0"}
			}
		}
	],
	"gui_light": "front",
	"display": {
		"fixed": {
			"rotation": [-90, 0, 0],
			"translation": [0, 0, -16],
			"scale": [2, 2, 2]
		}
	}
}