{
	"credit": "momirealms",
	"textures": {
		"0": "item/crops/pitaya/stage",
		"1": "block/spruce_log",
		"particle": "item/crops/pitaya/stage"
	},
	"elements": [
		{
			"from": [6, 0, 6],
			"to": [10, 8, 10],
			"faces": {
				"north": {"uv": [7, 6, 11, 14], "texture": "#1"},
				"east": {"uv": [7, 6, 11, 14], "texture": "#1"},
				"south": {"uv": [7, 6, 11, 14], "texture": "#1"},
				"west": {"uv": [7, 6, 11, 14], "texture": "#1"},
				"up": {"uv": [7, 6, 11, 10], "texture": "#1"},
				"down": {"uv": [7, 6, 11, 10], "texture": "#1"}
			}
		},
		{
			"from": [7, 15, 7],
			"to": [9, 19, 9],
			"rotation": {"angle": 0, "axis": "y", "origin": [0, -5, 0]},
			"faces": {
				"north": {"uv": [8, 0.66667, 10, 4.66667], "texture": "#1"},
				"east": {"uv": [8, 0.66667, 10, 4.66667], "texture": "#1"},
				"south": {"uv": [8, 0.66667, 10, 4.66667], "texture": "#1"},
				"west": {"uv": [8, 0.66667, 10, 4.66667], "texture": "#1"},
				"up": {"uv": [8, 0.66667, 10, 2.66667], "texture": "#1"},
				"down": {"uv": [8, 0.66667, 10, 2.66667], "texture": "#1"}
			}
		},
		{
			"from": [6.5, 8, 6.5],
			"to": [9.5, 15, 9.5],
			"faces": {
				"north": {"uv": [8, 3, 11, 10], "texture": "#1"},
				"east": {"uv": [8, 3, 11, 10], "texture": "#1"},
				"south": {"uv": [8, 3, 11, 10], "texture": "#1"},
				"west": {"uv": [8, 3, 11, 10], "texture": "#1"},
				"up": {"uv": [8, 3, 11, 6], "texture": "#1"},
				"down": {"uv": [8, 3, 11, 6], "texture": "#1"}
			}
		},
		{
			"from": [6, 14, 17],
			"to": [10, 14, 19],
			"rotation": {"angle": -22.5, "axis": "x", "origin": [0, -5, 0]},
			"faces": {
				"north": {"uv": [0, 0, 2, 0], "texture": "#0"},
				"east": {"uv": [0, 0, 1, 0], "texture": "#0"},
				"south": {"uv": [0, 0, 2, 0], "texture": "#0"},
				"west": {"uv": [0, 0, 1, 0], "texture": "#0"},
				"up": {"uv": [0, 8, 2, 9], "texture": "#0"},
				"down": {"uv": [0, 0, 2, 1], "texture": "#0"}
			}
		},
		{
			"from": [6, 13.4, 0.5],
			"to": [10, 18.4, 0.5],
			"rotation": {"angle": 0, "axis": "y", "origin": [0, -5, 16]},
			"faces": {
				"north": {"uv": [2, 13.5, 0, 16], "texture": "#0"},
				"east": {"uv": [0, 0, 4, 0], "rotation": 270, "texture": "#0"},
				"south": {"uv": [2, 16, 0, 13.5], "rotation": 180, "texture": "#0"},
				"west": {"uv": [0, 0, 4, 0], "rotation": 90, "texture": "#0"},
				"up": {"uv": [0, 0, 2, 0], "rotation": 180, "texture": "#0"},
				"down": {"uv": [0, 0, 2, 0], "texture": "#0"}
			}
		},
		{
			"from": [6, 22.55, 21.55],
			"to": [10, 22.55, 23.55],
			"rotation": {"angle": -45, "axis": "x", "origin": [0, -5, 16]},
			"faces": {
				"north": {"uv": [2, 0, 0, 0], "texture": "#0"},
				"east": {"uv": [1, 0, 0, 0], "texture": "#0"},
				"south": {"uv": [2, 0, 0, 0], "texture": "#0"},
				"west": {"uv": [1, 0, 0, 0], "texture": "#0"},
				"up": {"uv": [0, 1.5, 2, 0.5], "texture": "#0"},
				"down": {"uv": [0, 1, 2, 0], "texture": "#0"}
			}
		},
		{
			"from": [6, 19.8, 1.8],
			"to": [10, 19.8, 5.8],
			"rotation": {"angle": 0, "axis": "y", "origin": [0, -5, 16]},
			"faces": {
				"north": {"uv": [2, 0, 0, 0], "texture": "#0"},
				"east": {"uv": [2, 0, 0, 0], "texture": "#0"},
				"south": {"uv": [2, 0, 0, 0], "texture": "#0"},
				"west": {"uv": [2, 0, 0, 0], "texture": "#0"},
				"up": {"uv": [0, 2, 2, 0], "texture": "#0"},
				"down": {"uv": [0, 2, 2, 0], "texture": "#0"}
			}
		},
		{
			"from": [1.9, 19.9, 6],
			"to": [5.9, 19.9, 10],
			"rotation": {"angle": 0, "axis": "y", "origin": [0, -5, 16]},
			"faces": {
				"north": {"uv": [2, 0, 0, 0], "texture": "#0"},
				"east": {"uv": [2, 0, 0, 0], "texture": "#0"},
				"south": {"uv": [2, 0, 0, 0], "texture": "#0"},
				"west": {"uv": [2, 0, 0, 0], "texture": "#0"},
				"up": {"uv": [0, 12.5, 2, 10.5], "rotation": 270, "texture": "#0"},
				"down": {"uv": [0, 2, 2, 0], "rotation": 90, "texture": "#0"}
			}
		},
		{
			"from": [6, 14, -3],
			"to": [10, 14, -1],
			"rotation": {"angle": 22.5, "axis": "x", "origin": [0, -5, 16]},
			"faces": {
				"north": {"uv": [2, 0, 0, 0], "texture": "#0"},
				"east": {"uv": [1, 0, 0, 0], "texture": "#0"},
				"south": {"uv": [2, 0, 0, 0], "texture": "#0"},
				"west": {"uv": [1, 0, 0, 0], "texture": "#0"},
				"up": {"uv": [0, 1.5, 2, 0.5], "texture": "#0"},
				"down": {"uv": [0, 1, 2, 0], "texture": "#0"}
			}
		},
		{
			"from": [6, 19.8, 10.2],
			"to": [10, 19.8, 14.2],
			"rotation": {"angle": 0, "axis": "y", "origin": [0, -5, 0]},
			"faces": {
				"north": {"uv": [0, 0, 2, 0], "texture": "#0"},
				"east": {"uv": [0, 0, 2, 0], "texture": "#0"},
				"south": {"uv": [0, 0, 2, 0], "texture": "#0"},
				"west": {"uv": [0, 0, 2, 0], "texture": "#0"},
				"up": {"uv": [0, 6, 2, 8], "texture": "#0"},
				"down": {"uv": [0, 0, 2, 2], "texture": "#0"}
			}
		},
		{
			"from": [6, 22.55, -7.55],
			"to": [10, 22.55, -5.55],
			"rotation": {"angle": 45, "axis": "x", "origin": [0, -5, 0]},
			"faces": {
				"north": {"uv": [0, 0, 2, 0], "texture": "#0"},
				"east": {"uv": [0, 0, 1, 0], "texture": "#0"},
				"south": {"uv": [0, 0, 2, 0], "texture": "#0"},
				"west": {"uv": [0, 0, 1, 0], "texture": "#0"},
				"up": {"uv": [0, 0.5, 2, 1.5], "texture": "#0"},
				"down": {"uv": [0, 0, 2, 1], "texture": "#0"}
			}
		},
		{
			"from": [16.95, 11.3, 6],
			"to": [18.95, 11.3, 10],
			"rotation": {"angle": 45, "axis": "z", "origin": [0, -5, 0]},
			"faces": {
				"north": {"uv": [0, 0, 1, 0], "texture": "#0"},
				"east": {"uv": [0, 0, 2, 0], "texture": "#0"},
				"south": {"uv": [0, 0, 1, 0], "texture": "#0"},
				"west": {"uv": [0, 0, 2, 0], "texture": "#0"},
				"up": {"uv": [0, 0.5, 2, 1.5], "rotation": 90, "texture": "#0"},
				"down": {"uv": [0, 0, 2, 1], "rotation": 270, "texture": "#0"}
			}
		},
		{
			"from": [18.1, 20.2, 6],
			"to": [20.1, 20.2, 10],
			"rotation": {"angle": 22.5, "axis": "z", "origin": [16, -5, 0]},
			"faces": {
				"north": {"uv": [1, 0, 0, 0], "texture": "#0"},
				"east": {"uv": [2, 0, 0, 0], "texture": "#0"},
				"south": {"uv": [1, 0, 0, 0], "texture": "#0"},
				"west": {"uv": [2, 0, 0, 0], "texture": "#0"},
				"up": {"uv": [0, 12, 2, 11], "rotation": 90, "texture": "#0"},
				"down": {"uv": [1, 0, 0, 2], "texture": "#0"}
			}
		},
		{
			"from": [10.1, 19.9, 6],
			"to": [14.1, 19.9, 10],
			"rotation": {"angle": 0, "axis": "y", "origin": [16, -5, 16]},
			"faces": {
				"north": {"uv": [0, 0, 2, 0], "texture": "#0"},
				"east": {"uv": [0, 0, 2, 0], "texture": "#0"},
				"south": {"uv": [0, 0, 2, 0], "texture": "#0"},
				"west": {"uv": [0, 0, 2, 0], "texture": "#0"},
				"up": {"uv": [0, 10.5, 2, 12.5], "rotation": 270, "texture": "#0"},
				"down": {"uv": [0, 0, 2, 2], "rotation": 90, "texture": "#0"}
			}
		},
		{
			"from": [-2.95, 11.3, 6],
			"to": [-0.95, 11.3, 10],
			"rotation": {"angle": -45, "axis": "z", "origin": [16, -5, 0]},
			"faces": {
				"north": {"uv": [1, 0, 0, 0], "texture": "#0"},
				"east": {"uv": [2, 0, 0, 0], "texture": "#0"},
				"south": {"uv": [1, 0, 0, 0], "texture": "#0"},
				"west": {"uv": [2, 0, 0, 0], "texture": "#0"},
				"up": {"uv": [0, 1.5, 2, 0.5], "rotation": 90, "texture": "#0"},
				"down": {"uv": [0, 1, 2, 0], "rotation": 270, "texture": "#0"}
			}
		},
		{
			"from": [15.7, 13.55, 6],
			"to": [15.7, 18.55, 10],
			"rotation": {"angle": 0, "axis": "y", "origin": [16, -5, 0]},
			"faces": {
				"north": {"uv": [0, 0, 4, 0], "rotation": 270, "texture": "#0"},
				"east": {"uv": [0, 16, 2, 13.5], "rotation": 180, "texture": "#0"},
				"south": {"uv": [0, 0, 4, 0], "rotation": 90, "texture": "#0"},
				"west": {"uv": [0, 12, 2, 16], "texture": "#0"},
				"up": {"uv": [0, 0, 2, 0], "rotation": 90, "texture": "#0"},
				"down": {"uv": [0, 0, 2, 0], "rotation": 90, "texture": "#0"}
			}
		},
		{
			"from": [6, 10.45, 15.55],
			"to": [10, 18.45, 15.55],
			"rotation": {"angle": 0, "axis": "y", "origin": [0, -5, 0]},
			"faces": {
				"north": {"uv": [2, 16, 0, 12], "rotation": 180, "texture": "#0"},
				"east": {"uv": [0, 0, 4, 0], "rotation": 270, "texture": "#0"},
				"south": {"uv": [2, 12, 0, 16], "texture": "#0"},
				"west": {"uv": [0, 0, 4, 0], "rotation": 90, "texture": "#0"},
				"up": {"uv": [0, 0, 2, 0], "rotation": 180, "texture": "#0"},
				"down": {"uv": [0, 0, 2, 0], "texture": "#0"}
			}
		},
		{
			"from": [0.55, 10.55, 6],
			"to": [0.55, 18.55, 10],
			"rotation": {"angle": 0, "axis": "y", "origin": [0, -5, 0]},
			"faces": {
				"north": {"uv": [0, 0, 4, 0], "rotation": 270, "texture": "#0"},
				"east": {"uv": [2, 12, 0, 16], "texture": "#0"},
				"south": {"uv": [0, 0, 4, 0], "rotation": 90, "texture": "#0"},
				"west": {"uv": [2, 16, 0, 12], "rotation": 180, "texture": "#0"},
				"up": {"uv": [0, 0, 2, 0], "rotation": 90, "texture": "#0"},
				"down": {"uv": [0, 0, 2, 0], "rotation": 90, "texture": "#0"}
			}
		},
		{
			"from": [-4.1, 20.2, 6],
			"to": [-2.1, 20.2, 10],
			"rotation": {"angle": -22.5, "axis": "z", "origin": [0, -5, 0]},
			"faces": {
				"north": {"uv": [0, 0, 1, 0], "texture": "#0"},
				"east": {"uv": [0, 0, 2, 0], "texture": "#0"},
				"south": {"uv": [0, 0, 1, 0], "texture": "#0"},
				"west": {"uv": [0, 0, 2, 0], "texture": "#0"},
				"up": {"uv": [0, 11, 2, 12], "rotation": 90, "texture": "#0"},
				"down": {"uv": [0, 0, 1, 2], "texture": "#0"}
			}
		}
	],
	"gui_light": "front",
	"display": {
		"fixed": {
			"rotation": [-90, 0, 0],
			"translation": [0, 0, -16],
			"scale": [2, 2, 2]
		}
	}
}