{
	"credit": "momirealms",
	"texture_size": [32, 32],
	"textures": {
		"2": "item/crops/pineapple/stage",
		"particle": "item/crops/pineapple/stage"
	},
	"elements": [
		{
			"from": [5, 2, 5],
			"to": [11, 10, 11],
			"rotation": {"angle": 0, "axis": "y", "origin": [0, 2, 0]},
			"faces": {
				"north": {"uv": [3, 10, 6, 14], "texture": "#2"},
				"east": {"uv": [3, 10, 6, 14], "texture": "#2"},
				"south": {"uv": [6, 10, 9, 14], "texture": "#2"},
				"west": {"uv": [6, 10, 9, 14], "texture": "#2"},
				"up": {"uv": [6, 10, 3, 7], "texture": "#2"},
				"down": {"uv": [9, 7, 6, 10], "texture": "#2"}
			}
		},
		{
			"from": [4.75, 1.75, 4.75],
			"to": [11.25, 10.25, 11.25],
			"rotation": {"angle": 0, "axis": "y", "origin": [0, 2, 0]},
			"faces": {
				"north": {"uv": [3, 3, 6, 7], "texture": "#2"},
				"east": {"uv": [0, 3, 3, 7], "texture": "#2"},
				"south": {"uv": [6, 3, 9, 7], "texture": "#2"},
				"west": {"uv": [6, 3, 9, 7], "texture": "#2"},
				"up": {"uv": [6, 3, 3, 0], "texture": "#2"},
				"down": {"uv": [9, 0, 6, 3], "texture": "#2"}
			}
		},
		{
			"from": [8, 10, 5],
			"to": [8, 16, 11],
			"rotation": {"angle": -45, "axis": "y", "origin": [8, 13, 8]},
			"faces": {
				"north": {"uv": [3, 14, 3, 17], "texture": "#2"},
				"east": {"uv": [0, 11, 3, 14], "texture": "#2"},
				"south": {"uv": [6, 14, 6, 17], "texture": "#2"},
				"west": {"uv": [0, 11, 3, 14], "texture": "#2"},
				"up": {"uv": [3, 14, 3, 11], "texture": "#2"},
				"down": {"uv": [3, 11, 3, 14], "texture": "#2"}
			}
		},
		{
			"from": [14, 3, 5],
			"to": [14, 9, 11],
			"rotation": {"angle": -45, "axis": "y", "origin": [8, 16, 8]},
			"faces": {
				"north": {"uv": [3, 14, 3, 17], "texture": "#2"},
				"east": {"uv": [0, 11, 3, 14], "texture": "#2"},
				"south": {"uv": [6, 14, 6, 17], "texture": "#2"},
				"west": {"uv": [9, 8, 15, 14], "texture": "#2"},
				"up": {"uv": [3, 14, 3, 11], "texture": "#2"},
				"down": {"uv": [3, 11, 3, 14], "texture": "#2"}
			}
		},
		{
			"from": [2, 3, 5],
			"to": [2, 9, 11],
			"rotation": {"angle": -45, "axis": "y", "origin": [8, 16, 8]},
			"faces": {
				"north": {"uv": [3, 14, 3, 17], "texture": "#2"},
				"east": {"uv": [0, 11, 3, 14], "texture": "#2"},
				"south": {"uv": [6, 14, 6, 17], "texture": "#2"},
				"west": {"uv": [0, 11, 3, 14], "texture": "#2"},
				"up": {"uv": [3, 14, 3, 11], "texture": "#2"},
				"down": {"uv": [3, 11, 3, 14], "texture": "#2"}
			}
		},
		{
			"from": [-1, 1, 3],
			"to": [-1, 12, 13],
			"rotation": {"angle": 22.5, "axis": "z", "origin": [8, 16, 8]},
			"faces": {
				"north": {"uv": [3, 14, 3, 17], "texture": "#2"},
				"east": {"uv": [9, 8, 15, 14], "texture": "#2"},
				"south": {"uv": [6, 14, 6, 17], "texture": "#2"},
				"west": {"uv": [9, 8, 15, 14], "texture": "#2"},
				"up": {"uv": [3, 14, 3, 11], "texture": "#2"},
				"down": {"uv": [3, 11, 3, 14], "texture": "#2"}
			}
		},
		{
			"from": [17, 1, 3],
			"to": [17, 12, 13],
			"rotation": {"angle": -22.5, "axis": "z", "origin": [8, 16, 8]},
			"faces": {
				"north": {"uv": [3, 14, 3, 17], "texture": "#2"},
				"east": {"uv": [9, 8, 15, 14], "texture": "#2"},
				"south": {"uv": [6, 14, 6, 17], "texture": "#2"},
				"west": {"uv": [9, 8, 15, 14], "texture": "#2"},
				"up": {"uv": [3, 14, 3, 11], "texture": "#2"},
				"down": {"uv": [3, 11, 3, 14], "texture": "#2"}
			}
		},
		{
			"from": [5, 10, 8],
			"to": [11, 16, 8],
			"rotation": {"angle": -45, "axis": "y", "origin": [8, 13, 8]},
			"faces": {
				"north": {"uv": [0, 11, 3, 14], "texture": "#2"},
				"east": {"uv": [9, 0, 9, 3], "texture": "#2"},
				"south": {"uv": [0, 11, 3, 14], "texture": "#2"},
				"west": {"uv": [12, 0, 12, 3], "texture": "#2"},
				"up": {"uv": [12, 0, 9, 0], "texture": "#2"},
				"down": {"uv": [15, 0, 12, 0], "texture": "#2"}
			}
		},
		{
			"from": [5, 2, 13],
			"to": [11, 8, 13],
			"rotation": {"angle": -45, "axis": "y", "origin": [8, 16, 8]},
			"faces": {
				"north": {"uv": [9, 0, 12, 3], "texture": "#2"},
				"east": {"uv": [9, 0, 9, 3], "texture": "#2"},
				"south": {"uv": [0, 11, 3, 14], "texture": "#2"},
				"west": {"uv": [12, 0, 12, 3], "texture": "#2"},
				"up": {"uv": [12, 0, 9, 0], "texture": "#2"},
				"down": {"uv": [15, 0, 12, 0], "texture": "#2"}
			}
		},
		{
			"from": [5, 2, 2],
			"to": [11, 8, 2],
			"rotation": {"angle": -45, "axis": "y", "origin": [8, 16, 8]},
			"faces": {
				"north": {"uv": [0, 11, 3, 14], "texture": "#2"},
				"east": {"uv": [9, 0, 9, 3], "texture": "#2"},
				"south": {"uv": [9, 8, 15, 14], "texture": "#2"},
				"west": {"uv": [12, 0, 12, 3], "texture": "#2"},
				"up": {"uv": [12, 0, 9, 0], "texture": "#2"},
				"down": {"uv": [15, 0, 12, 0], "texture": "#2"}
			}
		},
		{
			"from": [5, 10, 8],
			"to": [11, 16, 8],
			"rotation": {"angle": 0, "axis": "y", "origin": [8, 13, 8]},
			"faces": {
				"north": {"uv": [0, 11, 3, 14], "texture": "#2"},
				"east": {"uv": [12, 3, 12, 6], "texture": "#2"},
				"south": {"uv": [0, 11, 3, 14], "texture": "#2"},
				"west": {"uv": [15, 3, 15, 6], "texture": "#2"},
				"up": {"uv": [15, 3, 12, 3], "texture": "#2"},
				"down": {"uv": [18, 3, 15, 3], "texture": "#2"}
			}
		},
		{
			"from": [4, 1, 17],
			"to": [12, 12, 17],
			"rotation": {"angle": 22.5, "axis": "x", "origin": [8, 16, 8]},
			"faces": {
				"north": {"uv": [9, 8, 15, 14], "texture": "#2"},
				"east": {"uv": [12, 3, 12, 6], "texture": "#2"},
				"south": {"uv": [9, 8, 15, 14], "texture": "#2"},
				"west": {"uv": [15, 3, 15, 6], "texture": "#2"},
				"up": {"uv": [15, 3, 12, 3], "texture": "#2"},
				"down": {"uv": [18, 3, 15, 3], "texture": "#2"}
			}
		},
		{
			"from": [4, 1, -1],
			"to": [12, 12, -1],
			"rotation": {"angle": -22.5, "axis": "x", "origin": [8, 16, 8]},
			"faces": {
				"north": {"uv": [9, 8, 15, 14], "texture": "#2"},
				"east": {"uv": [12, 3, 12, 6], "texture": "#2"},
				"south": {"uv": [9, 8, 15, 14], "texture": "#2"},
				"west": {"uv": [15, 3, 15, 6], "texture": "#2"},
				"up": {"uv": [15, 3, 12, 3], "texture": "#2"},
				"down": {"uv": [18, 3, 15, 3], "texture": "#2"}
			}
		},
		{
			"from": [8, 10, 5],
			"to": [8, 16, 11],
			"rotation": {"angle": 0, "axis": "y", "origin": [8, 13, 8]},
			"faces": {
				"north": {"uv": [12, 7, 12, 10], "texture": "#2"},
				"east": {"uv": [0, 11, 3, 14], "texture": "#2"},
				"south": {"uv": [15, 7, 15, 10], "texture": "#2"},
				"west": {"uv": [0, 11, 3, 14], "texture": "#2"},
				"up": {"uv": [12, 7, 12, 4], "texture": "#2"},
				"down": {"uv": [12, 4, 12, 7], "texture": "#2"}
			}
		}
	],
	"gui_light": "front",
	"display": {
		"gui": {
			"translation": [0, -1, 0]
		},
		"fixed": {
			"rotation": [-90, 0, 0],
			"translation": [0, 0, -16],
			"scale": [2, 2, 2]
		}
	}
}